model_name,backbone,fold,marginal_exact,marginal_mean,marginal_invalid,marginal_rgb,marginal_ir,hcd_pure_exact,hcd_pure_gain_abs,hcd_pure_rgb,hcd_pure_ir,hcdc_calib_exact,hcdc_calib_gain_abs,hcdc_calib_gain_rel,hcdc_calib_rgb,hcdc_calib_ir,hcdc_rescued,hcdc_broken
EfficientNet-V2 + LeJEPA,tf_efficientnetv2_m.in21k_ft_in1k,0,81.66,90.42,4.41,85.14,68.60,83.17,+1.52,86.34,71.31,83.29,+1.64,+2.00,86.44,71.50,83,0
EfficientNet-V2 + LeJEPA,tf_efficientnetv2_m.in21k_ft_in1k,1,83.00,91.20,4.00,85.54,73.67,84.16,+1.15,86.51,75.53,84.20,+1.19,+1.44,86.58,75.44,60,0
EfficientNet-V2 + LeJEPA,tf_efficientnetv2_m.in21k_ft_in1k,2,82.74,91.17,3.93,86.29,66.92,84.02,+1.28,87.41,68.89,83.92,+1.18,+1.43,87.37,68.57,59,0
EfficientNet-V2 + LeJEPA,tf_efficientnetv2_m.in21k_ft_in1k,3,81.58,90.41,4.76,83.91,74.30,83.08,+1.49,85.30,76.11,83.36,+1.77,+2.17,85.59,76.36,89,0
EfficientNet-V2 + LeJEPA,tf_efficientnetv2_m.in21k_ft_in1k,4,79.07,88.76,5.46,84.57,60.36,80.35,+1.28,85.40,63.18,80.43,+1.36,+1.73,85.58,62.91,66,0
EfficientNet-V2 + LeJEPA,tf_efficientnetv2_m.in21k_ft_in1k,5,82.80,90.96,4.20,86.54,68.79,84.10,+1.30,87.64,70.84,84.22,+1.42,+1.71,87.69,71.21,72,0
EfficientNet-V2 + LeJEPA,tf_efficientnetv2_m.in21k_ft_in1k,6,81.35,90.28,4.48,84.15,71.07,82.67,+1.31,85.32,72.93,82.71,+1.35,+1.66,85.34,73.02,68,0
EfficientNet-V2 + LeJEPA,tf_efficientnetv2_m.in21k_ft_in1k,7,81.32,90.50,4.39,84.32,67.91,82.68,+1.36,85.62,69.55,82.66,+1.34,+1.65,85.62,69.44,67,0
EfficientNet-V2 + LeJEPA,tf_efficientnetv2_m.in21k_ft_in1k,8,80.98,90.29,4.90,83.46,73.23,82.52,+1.53,84.91,75.04,82.58,+1.59,+1.97,84.93,75.21,80,0
EfficientNet-V2 + LeJEPA,tf_efficientnetv2_m.in21k_ft_in1k,9,79.11,89.00,5.08,84.43,61.00,80.72,+1.61,85.74,63.64,80.74,+1.63,+2.06,85.88,63.27,79,0
ConvNeXt-Base + LeJEPA,convnext_base,0,82.48,91.01,5.44,86.19,68.60,84.33,+1.85,87.62,72.06,84.47,+1.99,+2.41,87.82,71.96,101,0
ConvNeXt-Base + LeJEPA,convnext_base,1,81.57,90.89,5.79,84.30,71.53,83.28,+1.71,85.80,74.05,83.46,+1.89,+2.32,85.95,74.33,95,0
ConvNeXt-Base + LeJEPA,convnext_base,2,82.38,91.27,4.71,86.02,66.16,83.94,+1.56,87.05,70.10,83.98,+1.60,+1.95,87.05,70.32,80,0
ConvNeXt-Base + LeJEPA,convnext_base,3,80.73,90.30,6.04,83.41,72.32,82.80,+2.07,85.09,75.62,82.88,+2.15,+2.67,85.20,75.62,108,0
ConvNeXt-Base + LeJEPA,convnext_base,4,78.01,88.80,6.43,83.71,58.64,79.91,+1.90,85.26,61.73,80.00,+1.98,+2.54,85.32,61.91,96,0
ConvNeXt-Base + LeJEPA,convnext_base,5,82.66,91.14,5.26,86.54,68.13,84.33,+1.67,87.72,71.68,84.43,+1.77,+2.15,87.79,71.87,90,0
ConvNeXt-Base + LeJEPA,convnext_base,6,80.82,90.58,5.89,83.97,69.21,82.91,+2.09,85.72,72.56,83.00,+2.19,+2.71,85.92,72.28,110,0
ConvNeXt-Base + LeJEPA,convnext_base,7,80.90,90.70,5.19,84.08,66.70,82.64,+1.74,85.72,68.89,82.74,+1.84,+2.28,85.82,69.00,92,0
ConvNeXt-Base + LeJEPA,convnext_base,8,80.43,90.25,5.50,83.17,71.83,82.20,+1.77,84.67,74.46,82.34,+1.91,+2.38,84.80,74.63,96,0
ConvNeXt-Base + LeJEPA,convnext_base,9,79.23,89.36,6.12,84.97,59.73,80.97,+1.74,86.20,63.18,81.01,+1.78,+2.24,86.25,63.18,86,0
Swin-Base + LeJEPA,swin_base_patch4_window7_224,0,77.83,88.49,6.05,82.05,62.06,79.76,+1.93,83.70,65.05,79.90,+2.07,+2.66,83.77,65.42,105,0
Swin-Base + LeJEPA,swin_base_patch4_window7_224,1,78.19,88.91,6.25,80.53,69.58,80.32,+2.13,82.56,72.09,80.28,+2.09,+2.67,82.53,72.00,105,0
Swin-Base + LeJEPA,swin_base_patch4_window7_224,2,77.07,88.35,5.67,80.52,61.66,79.01,+1.94,82.24,64.62,79.03,+1.96,+2.55,82.24,64.73,98,0
Swin-Base + LeJEPA,swin_base_patch4_window7_224,3,77.30,88.29,7.08,79.41,70.68,79.47,+2.17,81.44,73.31,79.67,+2.37,+3.07,81.54,73.81,119,0
Swin-Base + LeJEPA,swin_base_patch4_window7_224,4,74.81,86.94,7.91,80.53,55.36,77.29,+2.48,82.62,59.18,77.29,+2.48,+3.31,82.54,59.45,120,0
Swin-Base + LeJEPA,swin_base_patch4_window7_224,5,77.67,88.53,6.23,81.85,62.06,79.82,+2.15,83.62,65.61,80.02,+2.34,+3.02,83.82,65.79,119,0
Swin-Base + LeJEPA,swin_base_patch4_window7_224,6,76.90,88.25,6.33,79.87,65.95,78.99,+2.09,81.62,69.30,79.04,+2.15,+2.80,81.75,69.12,108,0
Swin-Base + LeJEPA,swin_base_patch4_window7_224,7,75.53,87.75,6.29,79.12,59.47,77.59,+2.06,80.99,62.43,77.53,+2.00,+2.65,80.89,62.54,100,0
Swin-Base + LeJEPA,swin_base_patch4_window7_224,8,76.14,87.70,6.68,78.89,67.55,78.49,+2.35,80.91,70.92,78.69,+2.55,+3.35,81.04,71.33,128,0
Swin-Base + LeJEPA,swin_base_patch4_window7_224,9,74.60,86.53,6.74,80.48,54.64,76.83,+2.23,82.19,58.64,76.96,+2.36,+3.16,82.27,58.91,114,0
