Origem_Dado,Familia_Arquitetura,Modelo_Backbone,Regime_Treinamento,Folds_Avaliados,Epocas,Resolucao,Tipo_Micro_Acc,Marca_Micro_Acc,Modelo_Micro_Acc,Media_Tarefas,Tupla_Marginal_Exact,Tupla_HCD_Puro,Tupla_HCDC_Calibrado,Ganho_HCDC_pp,Ganho_HCDC_rel_pct,Tuplas_Invalidas_Marginal,Tuplas_Invalidas_HCDC,Tupla_RGB_HCDC,Tupla_IR_HCDC,Amostras_Resgatadas,Observacoes_Metodologicas
Slide 12 (IPASP-PR Linha 5),VLM Foundation Model,PE-Core-L/14-336px + shared LoRA (r=16),Fine-Tuning com LoRA Compartilhado,10 Folds (Mean ± Std),30,336x336,97.98 ± 0.24%,96.96 ± 0.50%,88.53 ± 0.70%,94.49 ± 0.48%,86.18 ± 0.86%,N/D,92.58 ± 0.84%,+6.40 pp,+7.43%,N/D,0.00%,N/D,N/D,N/D,SOTA multimodal gigante (300M+ params em 336px) com HCD.
Artigo JBCS 2026 (Lima et al.),CNN (EfficientNet),EfficientNet-V2,Supervisionado End-to-End Oficial,10 Folds (Mean ± Std),100,224x224,96.10 ± 0.70%,94.40 ± 0.60%,90.90 ± 0.60%,93.80 ± 0.63%,85.50 ± 1.10%,N/D,N/D,N/D,N/D,2.90% (inconsistente make-model),N/D,N/D,N/D,N/D,Tabela 3 e 5 do artigo original. Treinado por 100 epocas.
Artigo JBCS 2026 (Lima et al.),CNN (ResNet),ResNet-50,Supervisionado End-to-End Oficial,10 Folds (Mean ± Std),100,224x224,95.50 ± 0.60%,93.60 ± 0.50%,89.90 ± 0.90%,93.00 ± 0.67%,85.40% (aprox),N/D,88.50%,+3.10 pp,+3.63%,6.98%,0.00%,N/D,N/D,N/D,Tabela 3 do artigo e Slide 4.
Artigo JBCS 2026 (Lima et al.),CNN Leve,MobileNet-V3,Supervisionado End-to-End Oficial,10 Folds (Mean ± Std),100,224x224,95.20 ± 0.70%,91.30 ± 0.70%,86.50 ± 0.80%,91.00 ± 0.73%,74.60% (aprox),N/D,80.30%,+5.70 pp,+7.64%,14.05%,0.00%,N/D,N/D,N/D,Tabela 3 do artigo e Slide 4.
Slide 4 (IPASP-PR Linha 5),Vision Transformer Hierárquico,Swin-T,Supervisionado Original (Baseline),Fold 0,100,224x224,N/D,N/D,N/D,N/D,86.40%,N/D,89.30%,+2.91 pp,+3.37%,6.27%,0.00%,N/D,N/D,N/D,Slide 4. Fold 0 original de 100 epocas.
Slide 4 (IPASP-PR Linha 5),Detector / Head Única,YOLO11n,Supervisionado Plano,Fold 0,100,224x224,N/D,N/D,N/D,N/D,44.40%,N/D,54.50%,+10.10 pp,+22.75%,33.00%,0.00%,N/D,N/D,N/D,Slide 4. Modelo com alto indice de quimeras.
Nosso Trabalho (10 Folds Completos),CNN (EfficientNet),tf_efficientnetv2_m.in21k_ft_in1k,LeJEPA SSL Pretrained -> Fine-Tuning,10 Folds (Mean ± Std),30,224x224,94.96 ± 0.71%,91.10 ± 0.91%,84.84 ± 1.04%,90.30 ± 0.83%,81.36 ± 1.38%,82.75 ± 1.32%,82.81 ± 1.32%,+1.45 ± 0.20 pp,+1.78 ± 0.26%,4.56 ± 0.49%,0.00%,86.10 ± 0.90%,70.69 ± 4.75%,72.3 ± 10.1,DESTAQUE: Menor taxa de invalidas pre-HCD (4.56%). HCD-C resgata 72 amostras sem quebrar nenhuma (broken=0).
Nosso Trabalho (10 Folds Completos),Modern Pure CNN,convnext_base,LeJEPA SSL Pretrained -> Fine-Tuning,10 Folds (Mean ± Std),30,224x224,94.98 ± 0.73%,91.34 ± 0.87%,84.97 ± 0.99%,90.43 ± 0.80%,80.92 ± 1.48%,82.73 ± 1.42%,82.83 ± 1.44%,+1.91 ± 0.18 pp,+2.36 ± 0.23%,5.64 ± 0.51%,0.00%,86.19 ± 1.05%,70.51 ± 4.65%,95.4 ± 9.3,Maior ganho de HCD-C (+1.91 pp) e 95.4 amostras resgatadas por fold (broken=0).
Nosso Trabalho (10 Folds Completos),Vision Transformer Hierárquico,swin_base_patch4_window7_224,LeJEPA SSL Pretrained -> Fine-Tuning,10 Folds (Mean ± Std),30,224x224,94.10 ± 0.50%,88.75 ± 1.08%,81.07 ± 0.93%,87.97 ± 0.75%,76.60 ± 1.27%,78.76 ± 1.18%,78.84 ± 1.20%,+2.24 ± 0.21 pp,+2.92 ± 0.29%,6.52 ± 0.62%,0.00%,82.24 ± 1.00%,66.31 ± 5.18%,111.6 ± 9.9,"Maior quantidade de amostras resgatadas pelo HCD-C (111.6 por fold, ganho de +2.24 pp)."
Nosso Trabalho (Fold 0 Peak),Modern Pure CNN,convnext_base,LeJEPA SSL Pretrained -> FT + HCD-C,Fold 0,30,224x224,95.27%,91.65%,86.11%,91.01%,82.48%,84.33%,84.47%,+1.99 pp,+2.41%,5.44%,0.00%,87.82%,71.96%,101,Pico Fold 0 com HCD-C: 84.47% de tupla exata e 87.82% em RGB.
Nosso Trabalho (Fold 0 Peak),CNN (EfficientNet),tf_efficientnetv2_m.in21k_ft_in1k,LeJEPA SSL Pretrained -> FT + HCD-C,Fold 0,30,224x224,95.05%,91.61%,84.61%,90.42%,81.66%,83.17%,83.29%,+1.64 pp,+2.00%,4.41%,0.00%,86.44%,71.50%,83,Pico Fold 0 com HCD-C: 83.29% de tupla exata e recorde de 4.41% de invalidas pre-HCD.
Nosso Trabalho (Fold 0 Peak),Vision Transformer Hierárquico,swin_base_patch4_window7_224,Supervisionado Direto (ImageNet Pretrained),Fold 0,30,224x224,95.78%,92.35%,86.90%,91.68%,83.33%,N/D,85.40% (proj),+2.07 pp (proj),+2.48% (proj),5.54%,0.00% (proj),87.07%,69.35%,N/D,Maior acuracia marginal de tupla no treino supervisionado direto (83.33%).
Nosso Trabalho (Fold 0 Peak),Modern Pure CNN,convnext_base,Supervisionado Direto (ImageNet Pretrained),Fold 0,30,224x224,96.24%,92.06%,86.76%,91.68%,83.15%,N/D,85.14% (proj),+1.99 pp (proj),+2.39% (proj),5.69%,0.00% (proj),87.32%,67.57%,N/D,Segundo melhor marginal de tupla no treino direto (83.15%).
